run_id,epsilon,embedding_precision,block_size,command_line,backend_path,backend_version,elapsed_time,exit_code,stdout_file,stderr_file,input_basis_hash,output_basis_hash
eps0p00390625000000_p128_b10,0.00390625000000000000000000000000,128,10,timeout 20 fplll -a bkz -b 10 -bkzmaxloops 2 /workspace/SDA-CDT_Speed-Test/generated/research/falcon/bases/falcon_eps_0p0039062500000000000000_prec_128_e443f5ed807a4c1c.basis,/usr/bin/fplll,fplll 5.4.5,0.031693458557128906,8,generated/research/falcon/bkz_runs/eps0p00390625000000_p128_b10.out,generated/research/falcon/bkz_runs/eps0p00390625000000_p128_b10.err,e443f5ed807a4c1c70bde82f18b6baba51d9983eb1bcf7b41400279287354b7e,266416111209f5d60cd7bf0d3ec7cebc0b17a78b1fc00d2d37bf601cb940e93c
eps0p00390625000000_p128_b15,0.00390625000000000000000000000000,128,15,timeout 20 fplll -a bkz -b 15 -bkzmaxloops 2 /workspace/SDA-CDT_Speed-Test/generated/research/falcon/bases/falcon_eps_0p0039062500000000000000_prec_128_e443f5ed807a4c1c.basis,/usr/bin/fplll,fplll 5.4.5,0.03012371063232422,0,generated/research/falcon/bkz_runs/eps0p00390625000000_p128_b15.out,generated/research/falcon/bkz_runs/eps0p00390625000000_p128_b15.err,e443f5ed807a4c1c70bde82f18b6baba51d9983eb1bcf7b41400279287354b7e,2633a381c0949b56e95f3ce6207cea326c96f2cbfda63a903aea2a1ac0701d64
eps0p00390625000000_p128_b20,0.00390625000000000000000000000000,128,20,timeout 20 fplll -a bkz -b 20 -bkzmaxloops 2 /workspace/SDA-CDT_Speed-Test/generated/research/falcon/bases/falcon_eps_0p0039062500000000000000_prec_128_e443f5ed807a4c1c.basis,/usr/bin/fplll,fplll 5.4.5,0.030480384826660156,0,generated/research/falcon/bkz_runs/eps0p00390625000000_p128_b20.out,generated/research/falcon/bkz_runs/eps0p00390625000000_p128_b20.err,e443f5ed807a4c1c70bde82f18b6baba51d9983eb1bcf7b41400279287354b7e,2633a381c0949b56e95f3ce6207cea326c96f2cbfda63a903aea2a1ac0701d64
eps0p00390625000000_p160_b10,0.00390625000000000000000000000000,160,10,timeout 20 fplll -a bkz -b 10 -bkzmaxloops 2 /workspace/SDA-CDT_Speed-Test/generated/research/falcon/bases/falcon_eps_0p0039062500000000000000_prec_160_e443f5ed807a4c1c.basis,/usr/bin/fplll,fplll 5.4.5,0.031575679779052734,8,generated/research/falcon/bkz_runs/eps0p00390625000000_p160_b10.out,generated/research/falcon/bkz_runs/eps0p00390625000000_p160_b10.err,e443f5ed807a4c1c70bde82f18b6baba51d9983eb1bcf7b41400279287354b7e,266416111209f5d60cd7bf0d3ec7cebc0b17a78b1fc00d2d37bf601cb940e93c
eps0p00390625000000_p160_b15,0.00390625000000000000000000000000,160,15,timeout 20 fplll -a bkz -b 15 -bkzmaxloops 2 /workspace/SDA-CDT_Speed-Test/generated/research/falcon/bases/falcon_eps_0p0039062500000000000000_prec_160_e443f5ed807a4c1c.basis,/usr/bin/fplll,fplll 5.4.5,0.03055882453918457,0,generated/research/falcon/bkz_runs/eps0p00390625000000_p160_b15.out,generated/research/falcon/bkz_runs/eps0p00390625000000_p160_b15.err,e443f5ed807a4c1c70bde82f18b6baba51d9983eb1bcf7b41400279287354b7e,2633a381c0949b56e95f3ce6207cea326c96f2cbfda63a903aea2a1ac0701d64
eps0p00390625000000_p160_b20,0.00390625000000000000000000000000,160,20,timeout 20 fplll -a bkz -b 20 -bkzmaxloops 2 /workspace/SDA-CDT_Speed-Test/generated/research/falcon/bases/falcon_eps_0p0039062500000000000000_prec_160_e443f5ed807a4c1c.basis,/usr/bin/fplll,fplll 5.4.5,0.0287015438079834,0,generated/research/falcon/bkz_runs/eps0p00390625000000_p160_b20.out,generated/research/falcon/bkz_runs/eps0p00390625000000_p160_b20.err,e443f5ed807a4c1c70bde82f18b6baba51d9983eb1bcf7b41400279287354b7e,2633a381c0949b56e95f3ce6207cea326c96f2cbfda63a903aea2a1ac0701d64
eps0p00390625000000_p192_b10,0.00390625000000000000000000000000,192,10,timeout 20 fplll -a bkz -b 10 -bkzmaxloops 2 /workspace/SDA-CDT_Speed-Test/generated/research/falcon/bases/falcon_eps_0p0039062500000000000000_prec_192_e443f5ed807a4c1c.basis,/usr/bin/fplll,fplll 5.4.5,0.038942575454711914,8,generated/research/falcon/bkz_runs/eps0p00390625000000_p192_b10.out,generated/research/falcon/bkz_runs/eps0p00390625000000_p192_b10.err,e443f5ed807a4c1c70bde82f18b6baba51d9983eb1bcf7b41400279287354b7e,266416111209f5d60cd7bf0d3ec7cebc0b17a78b1fc00d2d37bf601cb940e93c
eps0p00390625000000_p192_b15,0.00390625000000000000000000000000,192,15,timeout 20 fplll -a bkz -b 15 -bkzmaxloops 2 /workspace/SDA-CDT_Speed-Test/generated/research/falcon/bases/falcon_eps_0p0039062500000000000000_prec_192_e443f5ed807a4c1c.basis,/usr/bin/fplll,fplll 5.4.5,0.03718423843383789,0,generated/research/falcon/bkz_runs/eps0p00390625000000_p192_b15.out,generated/research/falcon/bkz_runs/eps0p00390625000000_p192_b15.err,e443f5ed807a4c1c70bde82f18b6baba51d9983eb1bcf7b41400279287354b7e,2633a381c0949b56e95f3ce6207cea326c96f2cbfda63a903aea2a1ac0701d64
eps0p00390625000000_p192_b20,0.00390625000000000000000000000000,192,20,timeout 20 fplll -a bkz -b 20 -bkzmaxloops 2 /workspace/SDA-CDT_Speed-Test/generated/research/falcon/bases/falcon_eps_0p0039062500000000000000_prec_192_e443f5ed807a4c1c.basis,/usr/bin/fplll,fplll 5.4.5,0.02886819839477539,0,generated/research/falcon/bkz_runs/eps0p00390625000000_p192_b20.out,generated/research/falcon/bkz_runs/eps0p00390625000000_p192_b20.err,e443f5ed807a4c1c70bde82f18b6baba51d9983eb1bcf7b41400279287354b7e,2633a381c0949b56e95f3ce6207cea326c96f2cbfda63a903aea2a1ac0701d64
eps0p00390625000000_p256_b10,0.00390625000000000000000000000000,256,10,timeout 20 fplll -a bkz -b 10 -bkzmaxloops 2 /workspace/SDA-CDT_Speed-Test/generated/research/falcon/bases/falcon_eps_0p0039062500000000000000_prec_256_e443f5ed807a4c1c.basis,/usr/bin/fplll,fplll 5.4.5,0.030571460723876953,8,generated/research/falcon/bkz_runs/eps0p00390625000000_p256_b10.out,generated/research/falcon/bkz_runs/eps0p00390625000000_p256_b10.err,e443f5ed807a4c1c70bde82f18b6baba51d9983eb1bcf7b41400279287354b7e,266416111209f5d60cd7bf0d3ec7cebc0b17a78b1fc00d2d37bf601cb940e93c
eps0p00390625000000_p256_b15,0.00390625000000000000000000000000,256,15,timeout 20 fplll -a bkz -b 15 -bkzmaxloops 2 /workspace/SDA-CDT_Speed-Test/generated/research/falcon/bases/falcon_eps_0p0039062500000000000000_prec_256_e443f5ed807a4c1c.basis,/usr/bin/fplll,fplll 5.4.5,0.03187084197998047,0,generated/research/falcon/bkz_runs/eps0p00390625000000_p256_b15.out,generated/research/falcon/bkz_runs/eps0p00390625000000_p256_b15.err,e443f5ed807a4c1c70bde82f18b6baba51d9983eb1bcf7b41400279287354b7e,2633a381c0949b56e95f3ce6207cea326c96f2cbfda63a903aea2a1ac0701d64
eps0p00390625000000_p256_b20,0.00390625000000000000000000000000,256,20,timeout 20 fplll -a bkz -b 20 -bkzmaxloops 2 /workspace/SDA-CDT_Speed-Test/generated/research/falcon/bases/falcon_eps_0p0039062500000000000000_prec_256_e443f5ed807a4c1c.basis,/usr/bin/fplll,fplll 5.4.5,0.029099464416503906,0,generated/research/falcon/bkz_runs/eps0p00390625000000_p256_b20.out,generated/research/falcon/bkz_runs/eps0p00390625000000_p256_b20.err,e443f5ed807a4c1c70bde82f18b6baba51d9983eb1bcf7b41400279287354b7e,2633a381c0949b56e95f3ce6207cea326c96f2cbfda63a903aea2a1ac0701d64
eps0p0156250000000_p128_b10,0.0156250000000000000000000000000,128,10,timeout 20 fplll -a bkz -b 10 -bkzmaxloops 2 /workspace/SDA-CDT_Speed-Test/generated/research/falcon/bases/falcon_eps_0p015625000000000000000_prec_128_25e7c140d7a7422c.basis,/usr/bin/fplll,fplll 5.4.5,0.029344558715820312,0,generated/research/falcon/bkz_runs/eps0p0156250000000_p128_b10.out,generated/research/falcon/bkz_runs/eps0p0156250000000_p128_b10.err,25e7c140d7a7422c3506f3ff7865e5a94e65c12e9a5cca7a02037543dec047ee,da99c1a12e2e9fb38aa57e864cf0a6c84951c116371f4fc58e6127a77f47f77f
eps0p0156250000000_p128_b15,0.0156250000000000000000000000000,128,15,timeout 20 fplll -a bkz -b 15 -bkzmaxloops 2 /workspace/SDA-CDT_Speed-Test/generated/research/falcon/bases/falcon_eps_0p015625000000000000000_prec_128_25e7c140d7a7422c.basis,/usr/bin/fplll,fplll 5.4.5,0.027782678604125977,0,generated/research/falcon/bkz_runs/eps0p0156250000000_p128_b15.out,generated/research/falcon/bkz_runs/eps0p0156250000000_p128_b15.err,25e7c140d7a7422c3506f3ff7865e5a94e65c12e9a5cca7a02037543dec047ee,da99c1a12e2e9fb38aa57e864cf0a6c84951c116371f4fc58e6127a77f47f77f
eps0p0156250000000_p128_b20,0.0156250000000000000000000000000,128,20,timeout 20 fplll -a bkz -b 20 -bkzmaxloops 2 /workspace/SDA-CDT_Speed-Test/generated/research/falcon/bases/falcon_eps_0p015625000000000000000_prec_128_25e7c140d7a7422c.basis,/usr/bin/fplll,fplll 5.4.5,0.02577042579650879,0,generated/research/falcon/bkz_runs/eps0p0156250000000_p128_b20.out,generated/research/falcon/bkz_runs/eps0p0156250000000_p128_b20.err,25e7c140d7a7422c3506f3ff7865e5a94e65c12e9a5cca7a02037543dec047ee,da99c1a12e2e9fb38aa57e864cf0a6c84951c116371f4fc58e6127a77f47f77f
eps0p0156250000000_p160_b10,0.0156250000000000000000000000000,160,10,timeout 20 fplll -a bkz -b 10 -bkzmaxloops 2 /workspace/SDA-CDT_Speed-Test/generated/research/falcon/bases/falcon_eps_0p015625000000000000000_prec_160_25e7c140d7a7422c.basis,/usr/bin/fplll,fplll 5.4.5,0.025857925415039062,0,generated/research/falcon/bkz_runs/eps0p0156250000000_p160_b10.out,generated/research/falcon/bkz_runs/eps0p0156250000000_p160_b10.err,25e7c140d7a7422c3506f3ff7865e5a94e65c12e9a5cca7a02037543dec047ee,da99c1a12e2e9fb38aa57e864cf0a6c84951c116371f4fc58e6127a77f47f77f
eps0p0156250000000_p160_b15,0.0156250000000000000000000000000,160,15,timeout 20 fplll -a bkz -b 15 -bkzmaxloops 2 /workspace/SDA-CDT_Speed-Test/generated/research/falcon/bases/falcon_eps_0p015625000000000000000_prec_160_25e7c140d7a7422c.basis,/usr/bin/fplll,fplll 5.4.5,0.026758670806884766,0,generated/research/falcon/bkz_runs/eps0p0156250000000_p160_b15.out,generated/research/falcon/bkz_runs/eps0p0156250000000_p160_b15.err,25e7c140d7a7422c3506f3ff7865e5a94e65c12e9a5cca7a02037543dec047ee,da99c1a12e2e9fb38aa57e864cf0a6c84951c116371f4fc58e6127a77f47f77f
eps0p0156250000000_p160_b20,0.0156250000000000000000000000000,160,20,timeout 20 fplll -a bkz -b 20 -bkzmaxloops 2 /workspace/SDA-CDT_Speed-Test/generated/research/falcon/bases/falcon_eps_0p015625000000000000000_prec_160_25e7c140d7a7422c.basis,/usr/bin/fplll,fplll 5.4.5,0.02586960792541504,0,generated/research/falcon/bkz_runs/eps0p0156250000000_p160_b20.out,generated/research/falcon/bkz_runs/eps0p0156250000000_p160_b20.err,25e7c140d7a7422c3506f3ff7865e5a94e65c12e9a5cca7a02037543dec047ee,da99c1a12e2e9fb38aa57e864cf0a6c84951c116371f4fc58e6127a77f47f77f
eps0p0156250000000_p192_b10,0.0156250000000000000000000000000,192,10,timeout 20 fplll -a bkz -b 10 -bkzmaxloops 2 /workspace/SDA-CDT_Speed-Test/generated/research/falcon/bases/falcon_eps_0p015625000000000000000_prec_192_25e7c140d7a7422c.basis,/usr/bin/fplll,fplll 5.4.5,0.02682781219482422,0,generated/research/falcon/bkz_runs/eps0p0156250000000_p192_b10.out,generated/research/falcon/bkz_runs/eps0p0156250000000_p192_b10.err,25e7c140d7a7422c3506f3ff7865e5a94e65c12e9a5cca7a02037543dec047ee,da99c1a12e2e9fb38aa57e864cf0a6c84951c116371f4fc58e6127a77f47f77f
eps0p0156250000000_p192_b15,0.0156250000000000000000000000000,192,15,timeout 20 fplll -a bkz -b 15 -bkzmaxloops 2 /workspace/SDA-CDT_Speed-Test/generated/research/falcon/bases/falcon_eps_0p015625000000000000000_prec_192_25e7c140d7a7422c.basis,/usr/bin/fplll,fplll 5.4.5,0.02892279624938965,0,generated/research/falcon/bkz_runs/eps0p0156250000000_p192_b15.out,generated/research/falcon/bkz_runs/eps0p0156250000000_p192_b15.err,25e7c140d7a7422c3506f3ff7865e5a94e65c12e9a5cca7a02037543dec047ee,da99c1a12e2e9fb38aa57e864cf0a6c84951c116371f4fc58e6127a77f47f77f
eps0p0156250000000_p192_b20,0.0156250000000000000000000000000,192,20,timeout 20 fplll -a bkz -b 20 -bkzmaxloops 2 /workspace/SDA-CDT_Speed-Test/generated/research/falcon/bases/falcon_eps_0p015625000000000000000_prec_192_25e7c140d7a7422c.basis,/usr/bin/fplll,fplll 5.4.5,0.026439905166625977,0,generated/research/falcon/bkz_runs/eps0p0156250000000_p192_b20.out,generated/research/falcon/bkz_runs/eps0p0156250000000_p192_b20.err,25e7c140d7a7422c3506f3ff7865e5a94e65c12e9a5cca7a02037543dec047ee,da99c1a12e2e9fb38aa57e864cf0a6c84951c116371f4fc58e6127a77f47f77f
eps0p0156250000000_p256_b10,0.0156250000000000000000000000000,256,10,timeout 20 fplll -a bkz -b 10 -bkzmaxloops 2 /workspace/SDA-CDT_Speed-Test/generated/research/falcon/bases/falcon_eps_0p015625000000000000000_prec_256_25e7c140d7a7422c.basis,/usr/bin/fplll,fplll 5.4.5,0.025714397430419922,0,generated/research/falcon/bkz_runs/eps0p0156250000000_p256_b10.out,generated/research/falcon/bkz_runs/eps0p0156250000000_p256_b10.err,25e7c140d7a7422c3506f3ff7865e5a94e65c12e9a5cca7a02037543dec047ee,da99c1a12e2e9fb38aa57e864cf0a6c84951c116371f4fc58e6127a77f47f77f
eps0p0156250000000_p256_b15,0.0156250000000000000000000000000,256,15,timeout 20 fplll -a bkz -b 15 -bkzmaxloops 2 /workspace/SDA-CDT_Speed-Test/generated/research/falcon/bases/falcon_eps_0p015625000000000000000_prec_256_25e7c140d7a7422c.basis,/usr/bin/fplll,fplll 5.4.5,0.02652454376220703,0,generated/research/falcon/bkz_runs/eps0p0156250000000_p256_b15.out,generated/research/falcon/bkz_runs/eps0p0156250000000_p256_b15.err,25e7c140d7a7422c3506f3ff7865e5a94e65c12e9a5cca7a02037543dec047ee,da99c1a12e2e9fb38aa57e864cf0a6c84951c116371f4fc58e6127a77f47f77f
eps0p0156250000000_p256_b20,0.0156250000000000000000000000000,256,20,timeout 20 fplll -a bkz -b 20 -bkzmaxloops 2 /workspace/SDA-CDT_Speed-Test/generated/research/falcon/bases/falcon_eps_0p015625000000000000000_prec_256_25e7c140d7a7422c.basis,/usr/bin/fplll,fplll 5.4.5,0.02699899673461914,0,generated/research/falcon/bkz_runs/eps0p0156250000000_p256_b20.out,generated/research/falcon/bkz_runs/eps0p0156250000000_p256_b20.err,25e7c140d7a7422c3506f3ff7865e5a94e65c12e9a5cca7a02037543dec047ee,da99c1a12e2e9fb38aa57e864cf0a6c84951c116371f4fc58e6127a77f47f77f
eps0p0312500000000_p128_b10,0.0312500000000000000000000000000,128,10,timeout 20 fplll -a bkz -b 10 -bkzmaxloops 2 /workspace/SDA-CDT_Speed-Test/generated/research/falcon/bases/falcon_eps_0p031250000000000000000_prec_128_7e5e4a4d6b5c3df1.basis,/usr/bin/fplll,fplll 5.4.5,0.024762868881225586,0,generated/research/falcon/bkz_runs/eps0p0312500000000_p128_b10.out,generated/research/falcon/bkz_runs/eps0p0312500000000_p128_b10.err,7e5e4a4d6b5c3df168209d64e11613e272591dc835a1f83406d81fc1eac9f912,37405a4b1e6f1f39e51e23a0d049ba1640e3a8e1db7b1946cffcbec9e1958994
eps0p0312500000000_p128_b15,0.0312500000000000000000000000000,128,15,timeout 20 fplll -a bkz -b 15 -bkzmaxloops 2 /workspace/SDA-CDT_Speed-Test/generated/research/falcon/bases/falcon_eps_0p031250000000000000000_prec_128_7e5e4a4d6b5c3df1.basis,/usr/bin/fplll,fplll 5.4.5,0.02583026885986328,0,generated/research/falcon/bkz_runs/eps0p0312500000000_p128_b15.out,generated/research/falcon/bkz_runs/eps0p0312500000000_p128_b15.err,7e5e4a4d6b5c3df168209d64e11613e272591dc835a1f83406d81fc1eac9f912,aaad5655780219419f19af018ce74db0336dfd65f327a995bae452db4545ca94
eps0p0312500000000_p128_b20,0.0312500000000000000000000000000,128,20,timeout 20 fplll -a bkz -b 20 -bkzmaxloops 2 /workspace/SDA-CDT_Speed-Test/generated/research/falcon/bases/falcon_eps_0p031250000000000000000_prec_128_7e5e4a4d6b5c3df1.basis,/usr/bin/fplll,fplll 5.4.5,0.025362253189086914,0,generated/research/falcon/bkz_runs/eps0p0312500000000_p128_b20.out,generated/research/falcon/bkz_runs/eps0p0312500000000_p128_b20.err,7e5e4a4d6b5c3df168209d64e11613e272591dc835a1f83406d81fc1eac9f912,aaad5655780219419f19af018ce74db0336dfd65f327a995bae452db4545ca94
eps0p0312500000000_p160_b10,0.0312500000000000000000000000000,160,10,timeout 20 fplll -a bkz -b 10 -bkzmaxloops 2 /workspace/SDA-CDT_Speed-Test/generated/research/falcon/bases/falcon_eps_0p031250000000000000000_prec_160_7e5e4a4d6b5c3df1.basis,/usr/bin/fplll,fplll 5.4.5,0.024765491485595703,0,generated/research/falcon/bkz_runs/eps0p0312500000000_p160_b10.out,generated/research/falcon/bkz_runs/eps0p0312500000000_p160_b10.err,7e5e4a4d6b5c3df168209d64e11613e272591dc835a1f83406d81fc1eac9f912,37405a4b1e6f1f39e51e23a0d049ba1640e3a8e1db7b1946cffcbec9e1958994
eps0p0312500000000_p160_b15,0.0312500000000000000000000000000,160,15,timeout 20 fplll -a bkz -b 15 -bkzmaxloops 2 /workspace/SDA-CDT_Speed-Test/generated/research/falcon/bases/falcon_eps_0p031250000000000000000_prec_160_7e5e4a4d6b5c3df1.basis,/usr/bin/fplll,fplll 5.4.5,0.027284860610961914,0,generated/research/falcon/bkz_runs/eps0p0312500000000_p160_b15.out,generated/research/falcon/bkz_runs/eps0p0312500000000_p160_b15.err,7e5e4a4d6b5c3df168209d64e11613e272591dc835a1f83406d81fc1eac9f912,aaad5655780219419f19af018ce74db0336dfd65f327a995bae452db4545ca94
eps0p0312500000000_p160_b20,0.0312500000000000000000000000000,160,20,timeout 20 fplll -a bkz -b 20 -bkzmaxloops 2 /workspace/SDA-CDT_Speed-Test/generated/research/falcon/bases/falcon_eps_0p031250000000000000000_prec_160_7e5e4a4d6b5c3df1.basis,/usr/bin/fplll,fplll 5.4.5,0.026158809661865234,0,generated/research/falcon/bkz_runs/eps0p0312500000000_p160_b20.out,generated/research/falcon/bkz_runs/eps0p0312500000000_p160_b20.err,7e5e4a4d6b5c3df168209d64e11613e272591dc835a1f83406d81fc1eac9f912,aaad5655780219419f19af018ce74db0336dfd65f327a995bae452db4545ca94
eps0p0312500000000_p192_b10,0.0312500000000000000000000000000,192,10,timeout 20 fplll -a bkz -b 10 -bkzmaxloops 2 /workspace/SDA-CDT_Speed-Test/generated/research/falcon/bases/falcon_eps_0p031250000000000000000_prec_192_7e5e4a4d6b5c3df1.basis,/usr/bin/fplll,fplll 5.4.5,0.0255279541015625,0,generated/research/falcon/bkz_runs/eps0p0312500000000_p192_b10.out,generated/research/falcon/bkz_runs/eps0p0312500000000_p192_b10.err,7e5e4a4d6b5c3df168209d64e11613e272591dc835a1f83406d81fc1eac9f912,37405a4b1e6f1f39e51e23a0d049ba1640e3a8e1db7b1946cffcbec9e1958994
eps0p0312500000000_p192_b15,0.0312500000000000000000000000000,192,15,timeout 20 fplll -a bkz -b 15 -bkzmaxloops 2 /workspace/SDA-CDT_Speed-Test/generated/research/falcon/bases/falcon_eps_0p031250000000000000000_prec_192_7e5e4a4d6b5c3df1.basis,/usr/bin/fplll,fplll 5.4.5,0.024884700775146484,0,generated/research/falcon/bkz_runs/eps0p0312500000000_p192_b15.out,generated/research/falcon/bkz_runs/eps0p0312500000000_p192_b15.err,7e5e4a4d6b5c3df168209d64e11613e272591dc835a1f83406d81fc1eac9f912,aaad5655780219419f19af018ce74db0336dfd65f327a995bae452db4545ca94
eps0p0312500000000_p192_b20,0.0312500000000000000000000000000,192,20,timeout 20 fplll -a bkz -b 20 -bkzmaxloops 2 /workspace/SDA-CDT_Speed-Test/generated/research/falcon/bases/falcon_eps_0p031250000000000000000_prec_192_7e5e4a4d6b5c3df1.basis,/usr/bin/fplll,fplll 5.4.5,0.025412797927856445,0,generated/research/falcon/bkz_runs/eps0p0312500000000_p192_b20.out,generated/research/falcon/bkz_runs/eps0p0312500000000_p192_b20.err,7e5e4a4d6b5c3df168209d64e11613e272591dc835a1f83406d81fc1eac9f912,aaad5655780219419f19af018ce74db0336dfd65f327a995bae452db4545ca94
eps0p0312500000000_p256_b10,0.0312500000000000000000000000000,256,10,timeout 20 fplll -a bkz -b 10 -bkzmaxloops 2 /workspace/SDA-CDT_Speed-Test/generated/research/falcon/bases/falcon_eps_0p031250000000000000000_prec_256_7e5e4a4d6b5c3df1.basis,/usr/bin/fplll,fplll 5.4.5,0.02446770668029785,0,generated/research/falcon/bkz_runs/eps0p0312500000000_p256_b10.out,generated/research/falcon/bkz_runs/eps0p0312500000000_p256_b10.err,7e5e4a4d6b5c3df168209d64e11613e272591dc835a1f83406d81fc1eac9f912,37405a4b1e6f1f39e51e23a0d049ba1640e3a8e1db7b1946cffcbec9e1958994
eps0p0312500000000_p256_b15,0.0312500000000000000000000000000,256,15,timeout 20 fplll -a bkz -b 15 -bkzmaxloops 2 /workspace/SDA-CDT_Speed-Test/generated/research/falcon/bases/falcon_eps_0p031250000000000000000_prec_256_7e5e4a4d6b5c3df1.basis,/usr/bin/fplll,fplll 5.4.5,0.025112390518188477,0,generated/research/falcon/bkz_runs/eps0p0312500000000_p256_b15.out,generated/research/falcon/bkz_runs/eps0p0312500000000_p256_b15.err,7e5e4a4d6b5c3df168209d64e11613e272591dc835a1f83406d81fc1eac9f912,aaad5655780219419f19af018ce74db0336dfd65f327a995bae452db4545ca94
eps0p0312500000000_p256_b20,0.0312500000000000000000000000000,256,20,timeout 20 fplll -a bkz -b 20 -bkzmaxloops 2 /workspace/SDA-CDT_Speed-Test/generated/research/falcon/bases/falcon_eps_0p031250000000000000000_prec_256_7e5e4a4d6b5c3df1.basis,/usr/bin/fplll,fplll 5.4.5,0.026145219802856445,0,generated/research/falcon/bkz_runs/eps0p0312500000000_p256_b20.out,generated/research/falcon/bkz_runs/eps0p0312500000000_p256_b20.err,7e5e4a4d6b5c3df168209d64e11613e272591dc835a1f83406d81fc1eac9f912,aaad5655780219419f19af018ce74db0336dfd65f327a995bae452db4545ca94
eps0p0625000000000_p128_b10,0.0625000000000000000000000000000,128,10,timeout 20 fplll -a bkz -b 10 -bkzmaxloops 2 /workspace/SDA-CDT_Speed-Test/generated/research/falcon/bases/falcon_eps_0p062500000000000000000_prec_128_15cb40167eda4761.basis,/usr/bin/fplll,fplll 5.4.5,0.024000167846679688,8,generated/research/falcon/bkz_runs/eps0p0625000000000_p128_b10.out,generated/research/falcon/bkz_runs/eps0p0625000000000_p128_b10.err,15cb40167eda4761313ad83a6779b4657a7340625dac863a48843822e5802caa,3dc597b681eb6413a7018956a222ceb3acb13b515561c8d78ae8e7488cd0e999
eps0p0625000000000_p128_b15,0.0625000000000000000000000000000,128,15,timeout 20 fplll -a bkz -b 15 -bkzmaxloops 2 /workspace/SDA-CDT_Speed-Test/generated/research/falcon/bases/falcon_eps_0p062500000000000000000_prec_128_15cb40167eda4761.basis,/usr/bin/fplll,fplll 5.4.5,0.024475574493408203,8,generated/research/falcon/bkz_runs/eps0p0625000000000_p128_b15.out,generated/research/falcon/bkz_runs/eps0p0625000000000_p128_b15.err,15cb40167eda4761313ad83a6779b4657a7340625dac863a48843822e5802caa,71fab90e6024259452d7549bb24ead7ce70f4b8c790571828cd368b44a7df1f8
eps0p0625000000000_p128_b20,0.0625000000000000000000000000000,128,20,timeout 20 fplll -a bkz -b 20 -bkzmaxloops 2 /workspace/SDA-CDT_Speed-Test/generated/research/falcon/bases/falcon_eps_0p062500000000000000000_prec_128_15cb40167eda4761.basis,/usr/bin/fplll,fplll 5.4.5,0.023763179779052734,0,generated/research/falcon/bkz_runs/eps0p0625000000000_p128_b20.out,generated/research/falcon/bkz_runs/eps0p0625000000000_p128_b20.err,15cb40167eda4761313ad83a6779b4657a7340625dac863a48843822e5802caa,13996a00c89a842e899ed50451d75ade30c51850fc97329d1dd0e579bf373e02
eps0p0625000000000_p160_b10,0.0625000000000000000000000000000,160,10,timeout 20 fplll -a bkz -b 10 -bkzmaxloops 2 /workspace/SDA-CDT_Speed-Test/generated/research/falcon/bases/falcon_eps_0p062500000000000000000_prec_160_15cb40167eda4761.basis,/usr/bin/fplll,fplll 5.4.5,0.027512311935424805,8,generated/research/falcon/bkz_runs/eps0p0625000000000_p160_b10.out,generated/research/falcon/bkz_runs/eps0p0625000000000_p160_b10.err,15cb40167eda4761313ad83a6779b4657a7340625dac863a48843822e5802caa,3dc597b681eb6413a7018956a222ceb3acb13b515561c8d78ae8e7488cd0e999
eps0p0625000000000_p160_b15,0.0625000000000000000000000000000,160,15,timeout 20 fplll -a bkz -b 15 -bkzmaxloops 2 /workspace/SDA-CDT_Speed-Test/generated/research/falcon/bases/falcon_eps_0p062500000000000000000_prec_160_15cb40167eda4761.basis,/usr/bin/fplll,fplll 5.4.5,0.02691483497619629,8,generated/research/falcon/bkz_runs/eps0p0625000000000_p160_b15.out,generated/research/falcon/bkz_runs/eps0p0625000000000_p160_b15.err,15cb40167eda4761313ad83a6779b4657a7340625dac863a48843822e5802caa,71fab90e6024259452d7549bb24ead7ce70f4b8c790571828cd368b44a7df1f8
eps0p0625000000000_p160_b20,0.0625000000000000000000000000000,160,20,timeout 20 fplll -a bkz -b 20 -bkzmaxloops 2 /workspace/SDA-CDT_Speed-Test/generated/research/falcon/bases/falcon_eps_0p062500000000000000000_prec_160_15cb40167eda4761.basis,/usr/bin/fplll,fplll 5.4.5,0.025181055068969727,0,generated/research/falcon/bkz_runs/eps0p0625000000000_p160_b20.out,generated/research/falcon/bkz_runs/eps0p0625000000000_p160_b20.err,15cb40167eda4761313ad83a6779b4657a7340625dac863a48843822e5802caa,13996a00c89a842e899ed50451d75ade30c51850fc97329d1dd0e579bf373e02
eps0p0625000000000_p192_b10,0.0625000000000000000000000000000,192,10,timeout 20 fplll -a bkz -b 10 -bkzmaxloops 2 /workspace/SDA-CDT_Speed-Test/generated/research/falcon/bases/falcon_eps_0p062500000000000000000_prec_192_15cb40167eda4761.basis,/usr/bin/fplll,fplll 5.4.5,0.023514747619628906,8,generated/research/falcon/bkz_runs/eps0p0625000000000_p192_b10.out,generated/research/falcon/bkz_runs/eps0p0625000000000_p192_b10.err,15cb40167eda4761313ad83a6779b4657a7340625dac863a48843822e5802caa,3dc597b681eb6413a7018956a222ceb3acb13b515561c8d78ae8e7488cd0e999
eps0p0625000000000_p192_b15,0.0625000000000000000000000000000,192,15,timeout 20 fplll -a bkz -b 15 -bkzmaxloops 2 /workspace/SDA-CDT_Speed-Test/generated/research/falcon/bases/falcon_eps_0p062500000000000000000_prec_192_15cb40167eda4761.basis,/usr/bin/fplll,fplll 5.4.5,0.023447751998901367,8,generated/research/falcon/bkz_runs/eps0p0625000000000_p192_b15.out,generated/research/falcon/bkz_runs/eps0p0625000000000_p192_b15.err,15cb40167eda4761313ad83a6779b4657a7340625dac863a48843822e5802caa,71fab90e6024259452d7549bb24ead7ce70f4b8c790571828cd368b44a7df1f8
eps0p0625000000000_p192_b20,0.0625000000000000000000000000000,192,20,timeout 20 fplll -a bkz -b 20 -bkzmaxloops 2 /workspace/SDA-CDT_Speed-Test/generated/research/falcon/bases/falcon_eps_0p062500000000000000000_prec_192_15cb40167eda4761.basis,/usr/bin/fplll,fplll 5.4.5,0.023355484008789062,0,generated/research/falcon/bkz_runs/eps0p0625000000000_p192_b20.out,generated/research/falcon/bkz_runs/eps0p0625000000000_p192_b20.err,15cb40167eda4761313ad83a6779b4657a7340625dac863a48843822e5802caa,13996a00c89a842e899ed50451d75ade30c51850fc97329d1dd0e579bf373e02
eps0p0625000000000_p256_b10,0.0625000000000000000000000000000,256,10,timeout 20 fplll -a bkz -b 10 -bkzmaxloops 2 /workspace/SDA-CDT_Speed-Test/generated/research/falcon/bases/falcon_eps_0p062500000000000000000_prec_256_15cb40167eda4761.basis,/usr/bin/fplll,fplll 5.4.5,0.02448582649230957,8,generated/research/falcon/bkz_runs/eps0p0625000000000_p256_b10.out,generated/research/falcon/bkz_runs/eps0p0625000000000_p256_b10.err,15cb40167eda4761313ad83a6779b4657a7340625dac863a48843822e5802caa,3dc597b681eb6413a7018956a222ceb3acb13b515561c8d78ae8e7488cd0e999
eps0p0625000000000_p256_b15,0.0625000000000000000000000000000,256,15,timeout 20 fplll -a bkz -b 15 -bkzmaxloops 2 /workspace/SDA-CDT_Speed-Test/generated/research/falcon/bases/falcon_eps_0p062500000000000000000_prec_256_15cb40167eda4761.basis,/usr/bin/fplll,fplll 5.4.5,0.023484468460083008,8,generated/research/falcon/bkz_runs/eps0p0625000000000_p256_b15.out,generated/research/falcon/bkz_runs/eps0p0625000000000_p256_b15.err,15cb40167eda4761313ad83a6779b4657a7340625dac863a48843822e5802caa,71fab90e6024259452d7549bb24ead7ce70f4b8c790571828cd368b44a7df1f8
eps0p0625000000000_p256_b20,0.0625000000000000000000000000000,256,20,timeout 20 fplll -a bkz -b 20 -bkzmaxloops 2 /workspace/SDA-CDT_Speed-Test/generated/research/falcon/bases/falcon_eps_0p062500000000000000000_prec_256_15cb40167eda4761.basis,/usr/bin/fplll,fplll 5.4.5,0.02709221839904785,0,generated/research/falcon/bkz_runs/eps0p0625000000000_p256_b20.out,generated/research/falcon/bkz_runs/eps0p0625000000000_p256_b20.err,15cb40167eda4761313ad83a6779b4657a7340625dac863a48843822e5802caa,13996a00c89a842e899ed50451d75ade30c51850fc97329d1dd0e579bf373e02
eps0p125000000000_p128_b10,0.125000000000000000000000000000,128,10,timeout 20 fplll -a bkz -b 10 -bkzmaxloops 2 /workspace/SDA-CDT_Speed-Test/generated/research/falcon/bases/falcon_eps_0p12500000000000000000_prec_128_3488f8f468ca1959.basis,/usr/bin/fplll,fplll 5.4.5,0.02770709991455078,8,generated/research/falcon/bkz_runs/eps0p125000000000_p128_b10.out,generated/research/falcon/bkz_runs/eps0p125000000000_p128_b10.err,3488f8f468ca19595fa148610255ba6817d63285f07bbd1e8900da94a1391458,a1f7c7e0d1de12d8bddaae986bf5e68d1f1ff11c60236337323dac69e6f9d25a
eps0p125000000000_p128_b15,0.125000000000000000000000000000,128,15,timeout 20 fplll -a bkz -b 15 -bkzmaxloops 2 /workspace/SDA-CDT_Speed-Test/generated/research/falcon/bases/falcon_eps_0p12500000000000000000_prec_128_3488f8f468ca1959.basis,/usr/bin/fplll,fplll 5.4.5,0.024219512939453125,0,generated/research/falcon/bkz_runs/eps0p125000000000_p128_b15.out,generated/research/falcon/bkz_runs/eps0p125000000000_p128_b15.err,3488f8f468ca19595fa148610255ba6817d63285f07bbd1e8900da94a1391458,a1f7c7e0d1de12d8bddaae986bf5e68d1f1ff11c60236337323dac69e6f9d25a
eps0p125000000000_p128_b20,0.125000000000000000000000000000,128,20,timeout 20 fplll -a bkz -b 20 -bkzmaxloops 2 /workspace/SDA-CDT_Speed-Test/generated/research/falcon/bases/falcon_eps_0p12500000000000000000_prec_128_3488f8f468ca1959.basis,/usr/bin/fplll,fplll 5.4.5,0.026452064514160156,0,generated/research/falcon/bkz_runs/eps0p125000000000_p128_b20.out,generated/research/falcon/bkz_runs/eps0p125000000000_p128_b20.err,3488f8f468ca19595fa148610255ba6817d63285f07bbd1e8900da94a1391458,a1f7c7e0d1de12d8bddaae986bf5e68d1f1ff11c60236337323dac69e6f9d25a
eps0p125000000000_p160_b10,0.125000000000000000000000000000,160,10,timeout 20 fplll -a bkz -b 10 -bkzmaxloops 2 /workspace/SDA-CDT_Speed-Test/generated/research/falcon/bases/falcon_eps_0p12500000000000000000_prec_160_3488f8f468ca1959.basis,/usr/bin/fplll,fplll 5.4.5,0.023238182067871094,8,generated/research/falcon/bkz_runs/eps0p125000000000_p160_b10.out,generated/research/falcon/bkz_runs/eps0p125000000000_p160_b10.err,3488f8f468ca19595fa148610255ba6817d63285f07bbd1e8900da94a1391458,a1f7c7e0d1de12d8bddaae986bf5e68d1f1ff11c60236337323dac69e6f9d25a
eps0p125000000000_p160_b15,0.125000000000000000000000000000,160,15,timeout 20 fplll -a bkz -b 15 -bkzmaxloops 2 /workspace/SDA-CDT_Speed-Test/generated/research/falcon/bases/falcon_eps_0p12500000000000000000_prec_160_3488f8f468ca1959.basis,/usr/bin/fplll,fplll 5.4.5,0.023836135864257812,0,generated/research/falcon/bkz_runs/eps0p125000000000_p160_b15.out,generated/research/falcon/bkz_runs/eps0p125000000000_p160_b15.err,3488f8f468ca19595fa148610255ba6817d63285f07bbd1e8900da94a1391458,a1f7c7e0d1de12d8bddaae986bf5e68d1f1ff11c60236337323dac69e6f9d25a
eps0p125000000000_p160_b20,0.125000000000000000000000000000,160,20,timeout 20 fplll -a bkz -b 20 -bkzmaxloops 2 /workspace/SDA-CDT_Speed-Test/generated/research/falcon/bases/falcon_eps_0p12500000000000000000_prec_160_3488f8f468ca1959.basis,/usr/bin/fplll,fplll 5.4.5,0.029429197311401367,0,generated/research/falcon/bkz_runs/eps0p125000000000_p160_b20.out,generated/research/falcon/bkz_runs/eps0p125000000000_p160_b20.err,3488f8f468ca19595fa148610255ba6817d63285f07bbd1e8900da94a1391458,a1f7c7e0d1de12d8bddaae986bf5e68d1f1ff11c60236337323dac69e6f9d25a
eps0p125000000000_p192_b10,0.125000000000000000000000000000,192,10,timeout 20 fplll -a bkz -b 10 -bkzmaxloops 2 /workspace/SDA-CDT_Speed-Test/generated/research/falcon/bases/falcon_eps_0p12500000000000000000_prec_192_3488f8f468ca1959.basis,/usr/bin/fplll,fplll 5.4.5,0.024534940719604492,8,generated/research/falcon/bkz_runs/eps0p125000000000_p192_b10.out,generated/research/falcon/bkz_runs/eps0p125000000000_p192_b10.err,3488f8f468ca19595fa148610255ba6817d63285f07bbd1e8900da94a1391458,a1f7c7e0d1de12d8bddaae986bf5e68d1f1ff11c60236337323dac69e6f9d25a
eps0p125000000000_p192_b15,0.125000000000000000000000000000,192,15,timeout 20 fplll -a bkz -b 15 -bkzmaxloops 2 /workspace/SDA-CDT_Speed-Test/generated/research/falcon/bases/falcon_eps_0p12500000000000000000_prec_192_3488f8f468ca1959.basis,/usr/bin/fplll,fplll 5.4.5,0.02422499656677246,0,generated/research/falcon/bkz_runs/eps0p125000000000_p192_b15.out,generated/research/falcon/bkz_runs/eps0p125000000000_p192_b15.err,3488f8f468ca19595fa148610255ba6817d63285f07bbd1e8900da94a1391458,a1f7c7e0d1de12d8bddaae986bf5e68d1f1ff11c60236337323dac69e6f9d25a
eps0p125000000000_p192_b20,0.125000000000000000000000000000,192,20,timeout 20 fplll -a bkz -b 20 -bkzmaxloops 2 /workspace/SDA-CDT_Speed-Test/generated/research/falcon/bases/falcon_eps_0p12500000000000000000_prec_192_3488f8f468ca1959.basis,/usr/bin/fplll,fplll 5.4.5,0.023380279541015625,0,generated/research/falcon/bkz_runs/eps0p125000000000_p192_b20.out,generated/research/falcon/bkz_runs/eps0p125000000000_p192_b20.err,3488f8f468ca19595fa148610255ba6817d63285f07bbd1e8900da94a1391458,a1f7c7e0d1de12d8bddaae986bf5e68d1f1ff11c60236337323dac69e6f9d25a
eps0p125000000000_p256_b10,0.125000000000000000000000000000,256,10,timeout 20 fplll -a bkz -b 10 -bkzmaxloops 2 /workspace/SDA-CDT_Speed-Test/generated/research/falcon/bases/falcon_eps_0p12500000000000000000_prec_256_3488f8f468ca1959.basis,/usr/bin/fplll,fplll 5.4.5,0.02762460708618164,8,generated/research/falcon/bkz_runs/eps0p125000000000_p256_b10.out,generated/research/falcon/bkz_runs/eps0p125000000000_p256_b10.err,3488f8f468ca19595fa148610255ba6817d63285f07bbd1e8900da94a1391458,a1f7c7e0d1de12d8bddaae986bf5e68d1f1ff11c60236337323dac69e6f9d25a
eps0p125000000000_p256_b15,0.125000000000000000000000000000,256,15,timeout 20 fplll -a bkz -b 15 -bkzmaxloops 2 /workspace/SDA-CDT_Speed-Test/generated/research/falcon/bases/falcon_eps_0p12500000000000000000_prec_256_3488f8f468ca1959.basis,/usr/bin/fplll,fplll 5.4.5,0.024176597595214844,0,generated/research/falcon/bkz_runs/eps0p125000000000_p256_b15.out,generated/research/falcon/bkz_runs/eps0p125000000000_p256_b15.err,3488f8f468ca19595fa148610255ba6817d63285f07bbd1e8900da94a1391458,a1f7c7e0d1de12d8bddaae986bf5e68d1f1ff11c60236337323dac69e6f9d25a
eps0p125000000000_p256_b20,0.125000000000000000000000000000,256,20,timeout 20 fplll -a bkz -b 20 -bkzmaxloops 2 /workspace/SDA-CDT_Speed-Test/generated/research/falcon/bases/falcon_eps_0p12500000000000000000_prec_256_3488f8f468ca1959.basis,/usr/bin/fplll,fplll 5.4.5,0.023350954055786133,0,generated/research/falcon/bkz_runs/eps0p125000000000_p256_b20.out,generated/research/falcon/bkz_runs/eps0p125000000000_p256_b20.err,3488f8f468ca19595fa148610255ba6817d63285f07bbd1e8900da94a1391458,a1f7c7e0d1de12d8bddaae986bf5e68d1f1ff11c60236337323dac69e6f9d25a
eps0p250000000000_p128_b10,0.250000000000000000000000000000,128,10,timeout 20 fplll -a bkz -b 10 -bkzmaxloops 2 /workspace/SDA-CDT_Speed-Test/generated/research/falcon/bases/falcon_eps_0p25000000000000000000_prec_128_261c77f3a402de07.basis,/usr/bin/fplll,fplll 5.4.5,0.02435469627380371,0,generated/research/falcon/bkz_runs/eps0p250000000000_p128_b10.out,generated/research/falcon/bkz_runs/eps0p250000000000_p128_b10.err,261c77f3a402de077c4a06ce1cedfa5f868314d7abc2d441884ead3dd82f14ae,db8066655e065aef2cae877b833d1e73603cb39996e638e9672a0b22f6c580c5
eps0p250000000000_p128_b15,0.250000000000000000000000000000,128,15,timeout 20 fplll -a bkz -b 15 -bkzmaxloops 2 /workspace/SDA-CDT_Speed-Test/generated/research/falcon/bases/falcon_eps_0p25000000000000000000_prec_128_261c77f3a402de07.basis,/usr/bin/fplll,fplll 5.4.5,0.025646686553955078,0,generated/research/falcon/bkz_runs/eps0p250000000000_p128_b15.out,generated/research/falcon/bkz_runs/eps0p250000000000_p128_b15.err,261c77f3a402de077c4a06ce1cedfa5f868314d7abc2d441884ead3dd82f14ae,db8066655e065aef2cae877b833d1e73603cb39996e638e9672a0b22f6c580c5
eps0p250000000000_p128_b20,0.250000000000000000000000000000,128,20,timeout 20 fplll -a bkz -b 20 -bkzmaxloops 2 /workspace/SDA-CDT_Speed-Test/generated/research/falcon/bases/falcon_eps_0p25000000000000000000_prec_128_261c77f3a402de07.basis,/usr/bin/fplll,fplll 5.4.5,0.021864652633666992,0,generated/research/falcon/bkz_runs/eps0p250000000000_p128_b20.out,generated/research/falcon/bkz_runs/eps0p250000000000_p128_b20.err,261c77f3a402de077c4a06ce1cedfa5f868314d7abc2d441884ead3dd82f14ae,db8066655e065aef2cae877b833d1e73603cb39996e638e9672a0b22f6c580c5
eps0p250000000000_p160_b10,0.250000000000000000000000000000,160,10,timeout 20 fplll -a bkz -b 10 -bkzmaxloops 2 /workspace/SDA-CDT_Speed-Test/generated/research/falcon/bases/falcon_eps_0p25000000000000000000_prec_160_261c77f3a402de07.basis,/usr/bin/fplll,fplll 5.4.5,0.023147106170654297,0,generated/research/falcon/bkz_runs/eps0p250000000000_p160_b10.out,generated/research/falcon/bkz_runs/eps0p250000000000_p160_b10.err,261c77f3a402de077c4a06ce1cedfa5f868314d7abc2d441884ead3dd82f14ae,db8066655e065aef2cae877b833d1e73603cb39996e638e9672a0b22f6c580c5
eps0p250000000000_p160_b15,0.250000000000000000000000000000,160,15,timeout 20 fplll -a bkz -b 15 -bkzmaxloops 2 /workspace/SDA-CDT_Speed-Test/generated/research/falcon/bases/falcon_eps_0p25000000000000000000_prec_160_261c77f3a402de07.basis,/usr/bin/fplll,fplll 5.4.5,0.021955251693725586,0,generated/research/falcon/bkz_runs/eps0p250000000000_p160_b15.out,generated/research/falcon/bkz_runs/eps0p250000000000_p160_b15.err,261c77f3a402de077c4a06ce1cedfa5f868314d7abc2d441884ead3dd82f14ae,db8066655e065aef2cae877b833d1e73603cb39996e638e9672a0b22f6c580c5
eps0p250000000000_p160_b20,0.250000000000000000000000000000,160,20,timeout 20 fplll -a bkz -b 20 -bkzmaxloops 2 /workspace/SDA-CDT_Speed-Test/generated/research/falcon/bases/falcon_eps_0p25000000000000000000_prec_160_261c77f3a402de07.basis,/usr/bin/fplll,fplll 5.4.5,0.021079063415527344,0,generated/research/falcon/bkz_runs/eps0p250000000000_p160_b20.out,generated/research/falcon/bkz_runs/eps0p250000000000_p160_b20.err,261c77f3a402de077c4a06ce1cedfa5f868314d7abc2d441884ead3dd82f14ae,db8066655e065aef2cae877b833d1e73603cb39996e638e9672a0b22f6c580c5
eps0p250000000000_p192_b10,0.250000000000000000000000000000,192,10,timeout 20 fplll -a bkz -b 10 -bkzmaxloops 2 /workspace/SDA-CDT_Speed-Test/generated/research/falcon/bases/falcon_eps_0p25000000000000000000_prec_192_261c77f3a402de07.basis,/usr/bin/fplll,fplll 5.4.5,0.02291250228881836,0,generated/research/falcon/bkz_runs/eps0p250000000000_p192_b10.out,generated/research/falcon/bkz_runs/eps0p250000000000_p192_b10.err,261c77f3a402de077c4a06ce1cedfa5f868314d7abc2d441884ead3dd82f14ae,db8066655e065aef2cae877b833d1e73603cb39996e638e9672a0b22f6c580c5
eps0p250000000000_p192_b15,0.250000000000000000000000000000,192,15,timeout 20 fplll -a bkz -b 15 -bkzmaxloops 2 /workspace/SDA-CDT_Speed-Test/generated/research/falcon/bases/falcon_eps_0p25000000000000000000_prec_192_261c77f3a402de07.basis,/usr/bin/fplll,fplll 5.4.5,0.02454543113708496,0,generated/research/falcon/bkz_runs/eps0p250000000000_p192_b15.out,generated/research/falcon/bkz_runs/eps0p250000000000_p192_b15.err,261c77f3a402de077c4a06ce1cedfa5f868314d7abc2d441884ead3dd82f14ae,db8066655e065aef2cae877b833d1e73603cb39996e638e9672a0b22f6c580c5
eps0p250000000000_p192_b20,0.250000000000000000000000000000,192,20,timeout 20 fplll -a bkz -b 20 -bkzmaxloops 2 /workspace/SDA-CDT_Speed-Test/generated/research/falcon/bases/falcon_eps_0p25000000000000000000_prec_192_261c77f3a402de07.basis,/usr/bin/fplll,fplll 5.4.5,0.025076866149902344,0,generated/research/falcon/bkz_runs/eps0p250000000000_p192_b20.out,generated/research/falcon/bkz_runs/eps0p250000000000_p192_b20.err,261c77f3a402de077c4a06ce1cedfa5f868314d7abc2d441884ead3dd82f14ae,db8066655e065aef2cae877b833d1e73603cb39996e638e9672a0b22f6c580c5
eps0p250000000000_p256_b10,0.250000000000000000000000000000,256,10,timeout 20 fplll -a bkz -b 10 -bkzmaxloops 2 /workspace/SDA-CDT_Speed-Test/generated/research/falcon/bases/falcon_eps_0p25000000000000000000_prec_256_261c77f3a402de07.basis,/usr/bin/fplll,fplll 5.4.5,0.023599624633789062,0,generated/research/falcon/bkz_runs/eps0p250000000000_p256_b10.out,generated/research/falcon/bkz_runs/eps0p250000000000_p256_b10.err,261c77f3a402de077c4a06ce1cedfa5f868314d7abc2d441884ead3dd82f14ae,db8066655e065aef2cae877b833d1e73603cb39996e638e9672a0b22f6c580c5
eps0p250000000000_p256_b15,0.250000000000000000000000000000,256,15,timeout 20 fplll -a bkz -b 15 -bkzmaxloops 2 /workspace/SDA-CDT_Speed-Test/generated/research/falcon/bases/falcon_eps_0p25000000000000000000_prec_256_261c77f3a402de07.basis,/usr/bin/fplll,fplll 5.4.5,0.022199630737304688,0,generated/research/falcon/bkz_runs/eps0p250000000000_p256_b15.out,generated/research/falcon/bkz_runs/eps0p250000000000_p256_b15.err,261c77f3a402de077c4a06ce1cedfa5f868314d7abc2d441884ead3dd82f14ae,db8066655e065aef2cae877b833d1e73603cb39996e638e9672a0b22f6c580c5
eps0p250000000000_p256_b20,0.250000000000000000000000000000,256,20,timeout 20 fplll -a bkz -b 20 -bkzmaxloops 2 /workspace/SDA-CDT_Speed-Test/generated/research/falcon/bases/falcon_eps_0p25000000000000000000_prec_256_261c77f3a402de07.basis,/usr/bin/fplll,fplll 5.4.5,0.02367711067199707,0,generated/research/falcon/bkz_runs/eps0p250000000000_p256_b20.out,generated/research/falcon/bkz_runs/eps0p250000000000_p256_b20.err,261c77f3a402de077c4a06ce1cedfa5f868314d7abc2d441884ead3dd82f14ae,db8066655e065aef2cae877b833d1e73603cb39996e638e9672a0b22f6c580c5
eps0p500000000000_p128_b10,0.500000000000000000000000000000,128,10,timeout 20 fplll -a bkz -b 10 -bkzmaxloops 2 /workspace/SDA-CDT_Speed-Test/generated/research/falcon/bases/falcon_eps_0p50000000000000000000_prec_128_7298a5c6c477ee0d.basis,/usr/bin/fplll,fplll 5.4.5,0.021879911422729492,0,generated/research/falcon/bkz_runs/eps0p500000000000_p128_b10.out,generated/research/falcon/bkz_runs/eps0p500000000000_p128_b10.err,7298a5c6c477ee0d56d9471b21151999d37c9a78abf652aad5bac56eb98f387e,8ba666c3e06e1694bdde00374a5892fc40a2f2b4bc90cbd6b9e5cd6ce49136a0
eps0p500000000000_p128_b15,0.500000000000000000000000000000,128,15,timeout 20 fplll -a bkz -b 15 -bkzmaxloops 2 /workspace/SDA-CDT_Speed-Test/generated/research/falcon/bases/falcon_eps_0p50000000000000000000_prec_128_7298a5c6c477ee0d.basis,/usr/bin/fplll,fplll 5.4.5,0.023618459701538086,0,generated/research/falcon/bkz_runs/eps0p500000000000_p128_b15.out,generated/research/falcon/bkz_runs/eps0p500000000000_p128_b15.err,7298a5c6c477ee0d56d9471b21151999d37c9a78abf652aad5bac56eb98f387e,8ba666c3e06e1694bdde00374a5892fc40a2f2b4bc90cbd6b9e5cd6ce49136a0
eps0p500000000000_p128_b20,0.500000000000000000000000000000,128,20,timeout 20 fplll -a bkz -b 20 -bkzmaxloops 2 /workspace/SDA-CDT_Speed-Test/generated/research/falcon/bases/falcon_eps_0p50000000000000000000_prec_128_7298a5c6c477ee0d.basis,/usr/bin/fplll,fplll 5.4.5,0.021818876266479492,0,generated/research/falcon/bkz_runs/eps0p500000000000_p128_b20.out,generated/research/falcon/bkz_runs/eps0p500000000000_p128_b20.err,7298a5c6c477ee0d56d9471b21151999d37c9a78abf652aad5bac56eb98f387e,8ba666c3e06e1694bdde00374a5892fc40a2f2b4bc90cbd6b9e5cd6ce49136a0
eps0p500000000000_p160_b10,0.500000000000000000000000000000,160,10,timeout 20 fplll -a bkz -b 10 -bkzmaxloops 2 /workspace/SDA-CDT_Speed-Test/generated/research/falcon/bases/falcon_eps_0p50000000000000000000_prec_160_7298a5c6c477ee0d.basis,/usr/bin/fplll,fplll 5.4.5,0.022031068801879883,0,generated/research/falcon/bkz_runs/eps0p500000000000_p160_b10.out,generated/research/falcon/bkz_runs/eps0p500000000000_p160_b10.err,7298a5c6c477ee0d56d9471b21151999d37c9a78abf652aad5bac56eb98f387e,8ba666c3e06e1694bdde00374a5892fc40a2f2b4bc90cbd6b9e5cd6ce49136a0
eps0p500000000000_p160_b15,0.500000000000000000000000000000,160,15,timeout 20 fplll -a bkz -b 15 -bkzmaxloops 2 /workspace/SDA-CDT_Speed-Test/generated/research/falcon/bases/falcon_eps_0p50000000000000000000_prec_160_7298a5c6c477ee0d.basis,/usr/bin/fplll,fplll 5.4.5,0.021756649017333984,0,generated/research/falcon/bkz_runs/eps0p500000000000_p160_b15.out,generated/research/falcon/bkz_runs/eps0p500000000000_p160_b15.err,7298a5c6c477ee0d56d9471b21151999d37c9a78abf652aad5bac56eb98f387e,8ba666c3e06e1694bdde00374a5892fc40a2f2b4bc90cbd6b9e5cd6ce49136a0
eps0p500000000000_p160_b20,0.500000000000000000000000000000,160,20,timeout 20 fplll -a bkz -b 20 -bkzmaxloops 2 /workspace/SDA-CDT_Speed-Test/generated/research/falcon/bases/falcon_eps_0p50000000000000000000_prec_160_7298a5c6c477ee0d.basis,/usr/bin/fplll,fplll 5.4.5,0.021973371505737305,0,generated/research/falcon/bkz_runs/eps0p500000000000_p160_b20.out,generated/research/falcon/bkz_runs/eps0p500000000000_p160_b20.err,7298a5c6c477ee0d56d9471b21151999d37c9a78abf652aad5bac56eb98f387e,8ba666c3e06e1694bdde00374a5892fc40a2f2b4bc90cbd6b9e5cd6ce49136a0
eps0p500000000000_p192_b10,0.500000000000000000000000000000,192,10,timeout 20 fplll -a bkz -b 10 -bkzmaxloops 2 /workspace/SDA-CDT_Speed-Test/generated/research/falcon/bases/falcon_eps_0p50000000000000000000_prec_192_7298a5c6c477ee0d.basis,/usr/bin/fplll,fplll 5.4.5,0.02025127410888672,0,generated/research/falcon/bkz_runs/eps0p500000000000_p192_b10.out,generated/research/falcon/bkz_runs/eps0p500000000000_p192_b10.err,7298a5c6c477ee0d56d9471b21151999d37c9a78abf652aad5bac56eb98f387e,8ba666c3e06e1694bdde00374a5892fc40a2f2b4bc90cbd6b9e5cd6ce49136a0
eps0p500000000000_p192_b15,0.500000000000000000000000000000,192,15,timeout 20 fplll -a bkz -b 15 -bkzmaxloops 2 /workspace/SDA-CDT_Speed-Test/generated/research/falcon/bases/falcon_eps_0p50000000000000000000_prec_192_7298a5c6c477ee0d.basis,/usr/bin/fplll,fplll 5.4.5,0.021002531051635742,0,generated/research/falcon/bkz_runs/eps0p500000000000_p192_b15.out,generated/research/falcon/bkz_runs/eps0p500000000000_p192_b15.err,7298a5c6c477ee0d56d9471b21151999d37c9a78abf652aad5bac56eb98f387e,8ba666c3e06e1694bdde00374a5892fc40a2f2b4bc90cbd6b9e5cd6ce49136a0
eps0p500000000000_p192_b20,0.500000000000000000000000000000,192,20,timeout 20 fplll -a bkz -b 20 -bkzmaxloops 2 /workspace/SDA-CDT_Speed-Test/generated/research/falcon/bases/falcon_eps_0p50000000000000000000_prec_192_7298a5c6c477ee0d.basis,/usr/bin/fplll,fplll 5.4.5,0.025541067123413086,0,generated/research/falcon/bkz_runs/eps0p500000000000_p192_b20.out,generated/research/falcon/bkz_runs/eps0p500000000000_p192_b20.err,7298a5c6c477ee0d56d9471b21151999d37c9a78abf652aad5bac56eb98f387e,8ba666c3e06e1694bdde00374a5892fc40a2f2b4bc90cbd6b9e5cd6ce49136a0
eps0p500000000000_p256_b10,0.500000000000000000000000000000,256,10,timeout 20 fplll -a bkz -b 10 -bkzmaxloops 2 /workspace/SDA-CDT_Speed-Test/generated/research/falcon/bases/falcon_eps_0p50000000000000000000_prec_256_7298a5c6c477ee0d.basis,/usr/bin/fplll,fplll 5.4.5,0.023172616958618164,0,generated/research/falcon/bkz_runs/eps0p500000000000_p256_b10.out,generated/research/falcon/bkz_runs/eps0p500000000000_p256_b10.err,7298a5c6c477ee0d56d9471b21151999d37c9a78abf652aad5bac56eb98f387e,8ba666c3e06e1694bdde00374a5892fc40a2f2b4bc90cbd6b9e5cd6ce49136a0
eps0p500000000000_p256_b15,0.500000000000000000000000000000,256,15,timeout 20 fplll -a bkz -b 15 -bkzmaxloops 2 /workspace/SDA-CDT_Speed-Test/generated/research/falcon/bases/falcon_eps_0p50000000000000000000_prec_256_7298a5c6c477ee0d.basis,/usr/bin/fplll,fplll 5.4.5,0.021118640899658203,0,generated/research/falcon/bkz_runs/eps0p500000000000_p256_b15.out,generated/research/falcon/bkz_runs/eps0p500000000000_p256_b15.err,7298a5c6c477ee0d56d9471b21151999d37c9a78abf652aad5bac56eb98f387e,8ba666c3e06e1694bdde00374a5892fc40a2f2b4bc90cbd6b9e5cd6ce49136a0
eps0p500000000000_p256_b20,0.500000000000000000000000000000,256,20,timeout 20 fplll -a bkz -b 20 -bkzmaxloops 2 /workspace/SDA-CDT_Speed-Test/generated/research/falcon/bases/falcon_eps_0p50000000000000000000_prec_256_7298a5c6c477ee0d.basis,/usr/bin/fplll,fplll 5.4.5,0.022015094757080078,0,generated/research/falcon/bkz_runs/eps0p500000000000_p256_b20.out,generated/research/falcon/bkz_runs/eps0p500000000000_p256_b20.err,7298a5c6c477ee0d56d9471b21151999d37c9a78abf652aad5bac56eb98f387e,8ba666c3e06e1694bdde00374a5892fc40a2f2b4bc90cbd6b9e5cd6ce49136a0
